id,legacy_id,category,trade,item,unit,price_low,price_high,fishbeck_scope,region,effective_date,national_avg,status,source,confidence,last_updated,notes
UP-0001,SW-01,Site Work,sitework,Site clearing,per acre,3500,8500,out-of-scope,twin-cities,2026-07-01,5200,active,2024 Construction Bid Package,medium,2026-08-06,Industry bid-package data; needs-verification against real Fishbeck jobs (SYS-0008 pricing gate)
UP-0002,SW-02,Site Work,sitework,Excavation (bulk),per cubic yard,8,18,out-of-scope,twin-cities,2026-07-01,12,active,2024 Construction Bid Package,medium,2026-08-06,Industry bid-package data; needs-verification against real Fishbeck jobs (SYS-0008 pricing gate)
UP-0003,SW-03,Site Work,sitework,Grading & compaction,per sq ft,0.75,2.25,out-of-scope,twin-cities,2026-07-01,1.35,active,2024 Construction Bid Package,medium,2026-08-06,Industry bid-package data; needs-verification against real Fishbeck jobs (SYS-0008 pricing gate)
UP-0004,SW-04,Site Work,sitework,Utility trenching,per linear foot,12,28,out-of-scope,twin-cities,2026-07-01,18,active,2024 Construction Bid Package,medium,2026-08-06,Industry bid-package data; needs-verification against real Fishbeck jobs (SYS-0008 pricing gate)
UP-0005,CM-01,Concrete & Masonry,concrete,Foundation concrete,per cubic yard,185,285,sub,twin-cities,2026-07-01,225,active,2024 Construction Bid Package,medium,2026-08-06,Industry bid-package data; needs-verification against real Fishbeck jobs (SYS-0008 pricing gate)
UP-0006,CM-02,Concrete & Masonry,concrete,"Flatwork (4"" slab)",per sq ft,6.50,12.50,in-scope,twin-cities,2026-07-01,8.75,active,2024 Construction Bid Package,medium,2026-08-06,Industry bid-package data; needs-verification against real Fishbeck jobs (SYS-0008 pricing gate)
UP-0007,CM-03,Concrete & Masonry,concrete,CMU block wall,per sq ft,12,22,sub,twin-cities,2026-07-01,16,active,2024 Construction Bid Package,medium,2026-08-06,Industry bid-package data; needs-verification against real Fishbeck jobs (SYS-0008 pricing gate)
UP-0008,CM-04,Concrete & Masonry,concrete,Brick veneer,per sq ft,18,35,sub,twin-cities,2026-07-01,24,active,2024 Construction Bid Package,medium,2026-08-06,Industry bid-package data; needs-verification against real Fishbeck jobs (SYS-0008 pricing gate)
UP-0009,SF-01,Structural & Framing,framing,Structural steel,per pound,2.85,4.50,out-of-scope,twin-cities,2026-07-01,3.45,active,2024 Construction Bid Package,medium,2026-08-06,Industry bid-package data; needs-verification against real Fishbeck jobs (SYS-0008 pricing gate)
UP-0010,SF-02,Structural & Framing,framing,Wood framing (walls),per sq ft,8,16,in-scope,twin-cities,2026-07-01,11,active,2024 Construction Bid Package,medium,2026-08-06,Industry bid-package data; needs-verification against real Fishbeck jobs (SYS-0008 pricing gate)
UP-0011,SF-03,Structural & Framing,framing,Floor joists (wood),per sq ft,6,12,in-scope,twin-cities,2026-07-01,8.50,active,2024 Construction Bid Package,medium,2026-08-06,Industry bid-package data; needs-verification against real Fishbeck jobs (SYS-0008 pricing gate)
UP-0012,SF-04,Structural & Framing,framing,Roof trusses,per sq ft,4.50,8.50,in-scope,twin-cities,2026-07-01,6,active,2024 Construction Bid Package,medium,2026-08-06,Industry bid-package data; needs-verification against real Fishbeck jobs (SYS-0008 pricing gate)
UP-0013,RF-01,Roofing,roofing,Asphalt shingles,per sq ft,4.50,8.50,in-scope,twin-cities,2026-07-01,6,active,2024 Construction Bid Package,medium,2026-08-06,Industry bid-package data; needs-verification against real Fishbeck jobs (SYS-0008 pricing gate)
UP-0014,RF-02,Roofing,roofing,Metal roofing,per sq ft,8,18,in-scope,twin-cities,2026-07-01,12,active,2024 Construction Bid Package,medium,2026-08-06,Industry bid-package data; needs-verification against real Fishbeck jobs (SYS-0008 pricing gate)
UP-0015,RF-03,Roofing,roofing,TPO membrane,per sq ft,6.50,12,in-scope,twin-cities,2026-07-01,8.75,active,2024 Construction Bid Package,medium,2026-08-06,Industry bid-package data; needs-verification against real Fishbeck jobs (SYS-0008 pricing gate)
UP-0016,RF-04,Roofing,roofing,Built-up roofing,per sq ft,7,14,in-scope,twin-cities,2026-07-01,9.50,active,2024 Construction Bid Package,medium,2026-08-06,Industry bid-package data; needs-verification against real Fishbeck jobs (SYS-0008 pricing gate)
UP-0017,EL-01,Electrical,electrical,Rough-in wiring,per sq ft,3.50,7.50,out-of-scope,twin-cities,2026-07-01,5,active,2024 Construction Bid Package,medium,2026-08-06,Industry bid-package data; needs-verification against real Fishbeck jobs (SYS-0008 pricing gate)
UP-0018,EL-02,Electrical,electrical,Panel installation,per panel,1200,2800,out-of-scope,twin-cities,2026-07-01,1850,active,2024 Construction Bid Package,medium,2026-08-06,Industry bid-package data; needs-verification against real Fishbeck jobs (SYS-0008 pricing gate)
UP-0019,EL-03,Electrical,electrical,Outlet installation,per outlet,125,275,out-of-scope,twin-cities,2026-07-01,185,active,2024 Construction Bid Package,medium,2026-08-06,Industry bid-package data; needs-verification against real Fishbeck jobs (SYS-0008 pricing gate)
UP-0020,EL-04,Electrical,electrical,Light fixture install,per fixture,85,350,in-scope,twin-cities,2026-07-01,165,active,2024 Construction Bid Package,medium,2026-08-06,Industry bid-package data; needs-verification against real Fishbeck jobs (SYS-0008 pricing gate)
UP-0021,PH-01,Plumbing & HVAC,plumbing,Plumbing rough-in,per sq ft,4,9,out-of-scope,twin-cities,2026-07-01,6,active,2024 Construction Bid Package,medium,2026-08-06,Industry bid-package data; needs-verification against real Fishbeck jobs (SYS-0008 pricing gate)
UP-0022,PH-02,Plumbing & HVAC,plumbing,Fixture installation,per fixture,285,650,out-of-scope,twin-cities,2026-07-01,425,active,2024 Construction Bid Package,medium,2026-08-06,Industry bid-package data; needs-verification against real Fishbeck jobs (SYS-0008 pricing gate)
UP-0023,PH-03,Plumbing & HVAC,plumbing,HVAC ductwork,per sq ft,6.50,14,out-of-scope,twin-cities,2026-07-01,9.25,active,2024 Construction Bid Package,medium,2026-08-06,Industry bid-package data; needs-verification against real Fishbeck jobs (SYS-0008 pricing gate)
UP-0024,PH-04,Plumbing & HVAC,plumbing,HVAC unit install,per ton,2200,4500,out-of-scope,twin-cities,2026-07-01,3100,active,2024 Construction Bid Package,medium,2026-08-06,Industry bid-package data; needs-verification against real Fishbeck jobs (SYS-0008 pricing gate)
UP-0025,ID-01,Insulation & Drywall,drywall,Batt insulation,per sq ft,1.25,2.75,in-scope,twin-cities,2026-07-01,1.85,active,2024 Construction Bid Package,medium,2026-08-06,Industry bid-package data; needs-verification against real Fishbeck jobs (SYS-0008 pricing gate)
UP-0026,ID-02,Insulation & Drywall,drywall,Spray foam insulation,per sq ft,2.50,5.50,in-scope,twin-cities,2026-07-01,3.75,active,2024 Construction Bid Package,medium,2026-08-06,Industry bid-package data; needs-verification against real Fishbeck jobs (SYS-0008 pricing gate)
UP-0027,ID-03,Insulation & Drywall,drywall,Drywall installation,per sq ft,2.25,4.25,in-scope,twin-cities,2026-07-01,3,active,2024 Construction Bid Package,medium,2026-08-06,Industry bid-package data; needs-verification against real Fishbeck jobs (SYS-0008 pricing gate)
UP-0028,ID-04,Insulation & Drywall,drywall,Drywall finishing,per sq ft,1.75,3.50,in-scope,twin-cities,2026-07-01,2.45,active,2024 Construction Bid Package,medium,2026-08-06,Industry bid-package data; needs-verification against real Fishbeck jobs (SYS-0008 pricing gate)
UP-0029,FL-01,Flooring,flooring,Hardwood flooring,per sq ft,8,18,in-scope,twin-cities,2026-07-01,12,active,2024 Construction Bid Package,medium,2026-08-06,Industry bid-package data; needs-verification against real Fishbeck jobs (SYS-0008 pricing gate)
UP-0030,FL-02,Flooring,flooring,Luxury vinyl plank,per sq ft,4.50,9,in-scope,twin-cities,2026-07-01,6.25,active,2024 Construction Bid Package,medium,2026-08-06,Industry bid-package data; needs-verification against real Fishbeck jobs (SYS-0008 pricing gate)
UP-0031,FL-03,Flooring,flooring,Ceramic tile,per sq ft,6,15,in-scope,twin-cities,2026-07-01,9.50,active,2024 Construction Bid Package,medium,2026-08-06,Industry bid-package data; needs-verification against real Fishbeck jobs (SYS-0008 pricing gate)
UP-0032,FL-04,Flooring,flooring,Carpet installation,per sq ft,3.50,8.50,in-scope,twin-cities,2026-07-01,5.75,active,2024 Construction Bid Package,medium,2026-08-06,Industry bid-package data; needs-verification against real Fishbeck jobs (SYS-0008 pricing gate)
UP-0033,CB-01,Cabinetry & Millwork,cabinetry,Stock kitchen cabinets,per linear foot,185,425,in-scope,twin-cities,2026-07-01,285,active,2024 Construction Bid Package,medium,2026-08-06,Industry bid-package data; needs-verification against real Fishbeck jobs (SYS-0008 pricing gate)
UP-0034,CB-02,Cabinetry & Millwork,cabinetry,Custom kitchen cabinets,per linear foot,450,1200,in-scope,twin-cities,2026-07-01,725,active,2024 Construction Bid Package,medium,2026-08-06,Industry bid-package data; needs-verification against real Fishbeck jobs (SYS-0008 pricing gate)
UP-0035,CB-03,Cabinetry & Millwork,cabinetry,Countertops (quartz),per sq ft,65,125,in-scope,twin-cities,2026-07-01,85,active,2024 Construction Bid Package,medium,2026-08-06,Industry bid-package data; needs-verification against real Fishbeck jobs (SYS-0008 pricing gate)
UP-0036,CB-04,Cabinetry & Millwork,cabinetry,Interior trim,per linear foot,8,25,in-scope,twin-cities,2026-07-01,14,active,2024 Construction Bid Package,medium,2026-08-06,Industry bid-package data; needs-verification against real Fishbeck jobs (SYS-0008 pricing gate)
UP-0037,PT-01,Painting,painting,Interior paint (walls),per sq ft,1.85,3.50,in-scope,twin-cities,2026-07-01,2.45,active,2024 Construction Bid Package,medium,2026-08-06,Industry bid-package data; needs-verification against real Fishbeck jobs (SYS-0008 pricing gate)
UP-0038,PT-02,Painting,painting,Exterior paint,per sq ft,2.25,4.75,in-scope,twin-cities,2026-07-01,3.25,active,2024 Construction Bid Package,medium,2026-08-06,Industry bid-package data; needs-verification against real Fishbeck jobs (SYS-0008 pricing gate)
UP-0039,PT-03,Painting,painting,Trim painting,per linear foot,2.50,6,in-scope,twin-cities,2026-07-01,3.85,active,2024 Construction Bid Package,medium,2026-08-06,Industry bid-package data; needs-verification against real Fishbeck jobs (SYS-0008 pricing gate)
UP-0040,PT-04,Painting,painting,Staining (decks/siding),per sq ft,1.95,4.25,in-scope,twin-cities,2026-07-01,2.85,active,2024 Construction Bid Package,medium,2026-08-06,Industry bid-package data; needs-verification against real Fishbeck jobs (SYS-0008 pricing gate)
