id,automation,domain,trigger,current_manual_process,proposed_solution,hours_saved_monthly,complexity,depends_on,priority,status,source,confidence,last_updated,notes
AUT-001,Metadata validator,_System,Every commit,Manually checking front matter is complete and correct,Node script parsing all markdown front matter against SYS-0003; wired into npm test,4,low,Phase 0,9,backlog,SYS-0009,high,2026-07-31,Also validates related IDs resolve
AUT-002,ID issuer,_System,Creating any new artifact,Opening Entity_ID_Registry.csv and manually incrementing,issue-id.js PREFIX prints next ID and increments registry atomically,3,low,Phase 0,8,backlog,SYS-0006,high,2026-07-31,Prevents duplicate and skipped IDs
AUT-003,Document registry rebuild,_Registry,Nightly or on commit,Hand-maintaining Document_Registry.csv,Script walks the OS parsing front matter and regenerates the registry,5,low,AUT-001,8,backlog,SYS-0003,high,2026-07-31,Registry becomes derived not hand-kept
AUT-004,Pricing sync to estimator,13_Estimating,Pricing change,Editing lib/prompt.js and calculators/pricing.js by hand after changing the OS,Generator reads 13_Estimating unit pricing CSVs and emits both consumer files,6,medium,Phase 2.5,9,backlog,DEC-0007,high,2026-07-31,Eliminates the three-way pricing duplication risk
AUT-005,Receipt OCR intake,21_Finance,Receipt photographed,Manually typing vendor amount project into a spreadsheet,OCR extracts vendor and total then emits an RCT row and names the file per SYS-0004,8,medium,Phase 6.3,7,backlog,SYS-0004,medium,2026-07-31,Biggest recurring data-entry cost
AUT-006,Project closeout gate,14_Projects,Project marked complete,Remembering to produce the five closeout artifacts,Script blocks archived status until historical costs lessons learned defects vendor performance and photos exist,4,medium,Phase 4.6,9,backlog,DEC-0010,high,2026-07-31,Enforces the compounding feedback loop
AUT-007,Estimate accuracy scoring,22_Analytics,Project closeout,No systematic comparison of estimated versus actual,Join HC rows to their EST rows and report variance by trade,6,medium,Phase 5.1,9,backlog,SYS-0010,high,2026-07-31,Directly improves future estimate quality
AUT-008,Review due digest,_System,Weekly,No process; documents silently go stale,Scheduled job listing documents past next_review grouped by domain,2,low,AUT-001,6,backlog,SYS-0008,high,2026-07-31,Prevents stale-document drift
AUT-009,Expiry alerting,24_Legal_Risk,Daily,Manually tracking insurance and license renewal dates,Watch expires field in front matter and alert 60 30 and 7 days out,2,low,Phase 9.4,7,backlog,SYS-0003,high,2026-07-31,Lapsed insurance is an existential risk
