id,title,type,domain,path,status,version,owner,tags,source_of_truth,ai_usage,confidence,source,last_updated,notes
EXEC-0000,11_Executive — Strategy and Company Performance,readme,11_Executive,Fishbeck_AI_OS/11_Executive/README.md,draft,0.1.0,Jimmy Fishbeck,strategy|governance|analytics,true,read-write,high,Phase 0,2026-07-31,
OPS-0000,12_Operations — How the Work Gets Done,readme,12_Operations,Fishbeck_AI_OS/12_Operations/README.md,draft,0.1.0,Jimmy Fishbeck,operations|sop|scheduling|project-management,true,read-write,high,Phase 0,2026-07-31,
EST-0000,13_Estimating — Cost Intelligence,readme,13_Estimating,Fishbeck_AI_OS/13_Estimating/README.md,draft,0.1.0,Jimmy Fishbeck,estimating|pricing|database|analytics,true,read-write,high,Phase 0,2026-07-31,
PRJ-0000,14_Projects — The Job Record of Truth,readme,14_Projects,Fishbeck_AI_OS/14_Projects/README.md,draft,0.1.0,Jimmy Fishbeck,project-management|operations|database,true,read-write,high,Phase 0,2026-07-31,
CK-0000,15_Construction_Knowledge — Technical Authority,readme,15_Construction_Knowledge,Fishbeck_AI_OS/15_Construction_Knowledge/README.md,draft,0.1.0,Jimmy Fishbeck,code-compliance|minnesota|reference|inspection,true,read-write,high,Phase 0,2026-07-31,
QLT-0000,16_Quality — Defect Prevention and the Learning Loop,readme,16_Quality,Fishbeck_AI_OS/16_Quality/README.md,draft,0.1.0,Jimmy Fishbeck,quality-control|inspection|lessons-learned|root-cause,true,read-write,high,Phase 0,2026-07-31,
PUR-0000,17_Purchasing — Vendor and Buying Intelligence,readme,17_Purchasing,Fishbeck_AI_OS/17_Purchasing/README.md,draft,0.1.0,Jimmy Fishbeck,purchasing|procurement|database|analytics,true,read-write,medium,Phase 0,2026-07-31,
EQP-0000,18_Equipment — Tool and Asset Management,readme,18_Equipment,Fishbeck_AI_OS/18_Equipment/README.md,draft,0.1.0,Jimmy Fishbeck,equipment|maintenance|database,true,read-write,medium,Phase 0,2026-07-31,
HR-0000,19_HR — People Systems,readme,19_HR,Fishbeck_AI_OS/19_HR/README.md,draft,0.1.0,Jimmy Fishbeck,hr|hiring|training|policy,true,read-write,medium,Phase 0,2026-07-31,
CRM-0000,20_CRM — Relationship Record,readme,20_CRM,Fishbeck_AI_OS/20_CRM/README.md,draft,0.1.0,Jimmy Fishbeck,crm|sales|database|marketing,true,read-write,medium,Phase 0,2026-07-31,
FIN-0000,21_Finance — The Money Record,readme,21_Finance,Fishbeck_AI_OS/21_Finance/README.md,draft,0.1.0,Jimmy Fishbeck,finance|accounting|job-costing|database,true,read-write,medium,Phase 0,2026-07-31,
ANL-0000,22_Analytics — Measurement and Reporting,readme,22_Analytics,Fishbeck_AI_OS/22_Analytics/README.md,draft,0.1.0,Jimmy Fishbeck,analytics|estimating|finance|automation,true,read-write,high,Phase 0,2026-07-31,
RE-0000,23_Real_Estate — Investment Analysis,readme,23_Real_Estate,Fishbeck_AI_OS/23_Real_Estate/README.md,draft,0.1.0,Jimmy Fishbeck,investor|flip|analysis|database,true,read-write,medium,Phase 0,2026-07-31,
LEG-0000,"24_Legal_Risk — Contracts, Insurance, and Risk",readme,24_Legal_Risk,Fishbeck_AI_OS/24_Legal_Risk/README.md,draft,0.1.0,Jimmy Fishbeck,legal|insurance|safety|policy,true,read-write,medium,Phase 0,2026-07-31,
SYS-0013,_Registry — Master Machine-Readable Indexes,database,_Registry,Fishbeck_AI_OS/_Registry/README.md,approved,1.0.0,Jimmy Fishbeck,governance|database|index|automation,true,read-write,high,Phase 0,2026-07-31,
SYS-0001,Fishbeck OS Charter,charter,_System,Fishbeck_AI_OS/_System/00_Fishbeck_OS_Charter.md,approved,1.0.0,Jimmy Fishbeck,governance|architecture|foundation,true,read-only,high,Phase 0,2026-07-31,The constitution; ten principles
SYS-0002,Architecture Master,standard,_System,Fishbeck_AI_OS/_System/01_Architecture_Master.md,approved,1.0.0,Jimmy Fishbeck,governance|architecture|folder-structure,true,read-only,high,Phase 0,2026-07-31,Folder tree and source-of-truth table
SYS-0004,Naming Conventions,standard,_System,Fishbeck_AI_OS/_System/02_Naming_Conventions.md,approved,1.0.0,Jimmy Fishbeck,governance|naming|standards,true,read-only,high,Phase 0,2026-07-31,
SYS-0003,Metadata Standard,standard,_System,Fishbeck_AI_OS/_System/03_Metadata_Standard.md,approved,1.0.0,Jimmy Fishbeck,governance|metadata|ai-searchable,true,read-only,high,Phase 0,2026-07-31,
SYS-0005,Taxonomy and Controlled Tag Vocabulary,standard,_System,Fishbeck_AI_OS/_System/04_Taxonomy_and_Tags.md,approved,1.0.0,Jimmy Fishbeck,governance|taxonomy|metadata|ai-searchable,true,read-only,high,Phase 0,2026-07-31,
SYS-0006,ID Registry Standard and Entity Relationships,standard,_System,Fishbeck_AI_OS/_System/05_ID_Registry_Standard.md,approved,1.0.0,Jimmy Fishbeck,governance|database|standard|ai-searchable,true,read-only,high,Phase 0,2026-07-31,45 ID prefixes and the ERD
SYS-0007,Version Control Standard,standard,_System,Fishbeck_AI_OS/_System/06_Version_Control_Standard.md,approved,1.0.0,Jimmy Fishbeck,governance|standard|automation,true,read-only,high,Phase 0,2026-07-31,
SYS-0008,Document Lifecycle,standard,_System,Fishbeck_AI_OS/_System/07_Document_Lifecycle.md,approved,1.0.0,Jimmy Fishbeck,governance|standard|operations,true,read-only,high,Phase 0,2026-07-31,
SYS-0009,AI Operating Protocol,standard,_System,Fishbeck_AI_OS/_System/08_AI_Operating_Protocol.md,approved,1.0.0,Jimmy Fishbeck,governance|ai|standard|automation|prompt-library,true,read-only,high,Phase 0,2026-07-31,
SYS-0010,Build Roadmap,standard,_System,Fishbeck_AI_OS/_System/09_Build_Roadmap.md,approved,1.0.0,Jimmy Fishbeck,governance|strategy|automation,true,read-write,high,Phase 0,2026-07-31,
SYS-0011,Migration Map — Legacy Content to Governed Architecture,standard,_System,Fishbeck_AI_OS/_System/10_Migration_Map.md,approved,1.0.0,Jimmy Fishbeck,governance|architecture|standard,true,read-write,high,Phase 0,2026-07-31,Specification for Phase 1.1
SYS-0012,Decision Log,index,_System,Fishbeck_AI_OS/_System/Decision_Log.md,approved,1.0.0,Jimmy Fishbeck,governance|standard|decision,true,read-write,high,Phase 0,2026-07-31,DEC-0001 to DEC-0010 plus six open questions
SYS-0000,_System — Governance Layer,readme,_System,Fishbeck_AI_OS/_System/README.md,approved,1.0.0,Jimmy Fishbeck,governance|standard|index,true,read-only,high,Phase 0,2026-07-31,
SYS-0014,_Templates — Reusable Document Skeletons,readme,_Templates,Fishbeck_AI_OS/_Templates/README.md,approved,1.0.0,Jimmy Fishbeck,template|governance|index|standard,true,read-only,high,Phase 0,2026-07-31,
TPL-CHANGE-ORDER,Template — Change Order,template,_Templates,Fishbeck_AI_OS/_Templates/TPL_Change_Order.md,approved,1.0.0,Jimmy Fishbeck,template|change-order|project-management|legal,true,read-only,high,Phase 0,2026-07-31,
TPL-CHECKLIST,Template — Checklist,template,_Templates,Fishbeck_AI_OS/_Templates/TPL_Checklist.md,approved,1.0.0,Jimmy Fishbeck,template|checklist|quality-control,true,read-only,high,Phase 0,2026-07-31,
TPL-DAILY-REPORT,Template — Daily Field Report,template,_Templates,Fishbeck_AI_OS/_Templates/TPL_Daily_Report.md,approved,1.0.0,Jimmy Fishbeck,template|project-management|operations|analytics,true,read-only,high,Phase 0,2026-07-31,
TPL-DATABASE-SCHEMA,Template — Database Schema Documentation,template,_Templates,Fishbeck_AI_OS/_Templates/TPL_Database_Schema.md,approved,1.0.0,Jimmy Fishbeck,template|database|standard|ai-searchable,true,read-only,high,Phase 0,2026-07-31,
TPL-DECISION-RECORD,Template — Decision Record,template,_Templates,Fishbeck_AI_OS/_Templates/TPL_Decision_Record.md,approved,1.0.0,Jimmy Fishbeck,template|decision|governance|strategy,true,read-only,high,Phase 0,2026-07-31,
TPL-DOMAIN-README,Template — Domain README,template,_Templates,Fishbeck_AI_OS/_Templates/TPL_Domain_README.md,approved,1.0.0,Jimmy Fishbeck,template|governance|index,true,read-only,high,Phase 0,2026-07-31,
TPL-ESTIMATE,Template — Estimate,template,_Templates,Fishbeck_AI_OS/_Templates/TPL_Estimate.md,approved,1.0.0,Jimmy Fishbeck,template|estimating|pricing|sales,true,read-only,high,Phase 0,2026-07-31,
TPL-LESSONS-LEARNED,Template — Lessons Learned,template,_Templates,Fishbeck_AI_OS/_Templates/TPL_Lessons_Learned.md,approved,1.0.0,Jimmy Fishbeck,template|lessons-learned|quality-control|closeout,true,read-only,high,Phase 0,2026-07-31,
TPL-POLICY,Template — Policy,template,_Templates,Fishbeck_AI_OS/_Templates/TPL_Policy.md,approved,1.0.0,Jimmy Fishbeck,template|hr|legal|governance,true,read-only,high,Phase 0,2026-07-31,
TPL-PROJECT-CHARTER,Template — Project Charter,template,_Templates,Fishbeck_AI_OS/_Templates/TPL_Project_Charter.md,approved,1.0.0,Jimmy Fishbeck,template|project-management|operations,true,read-only,high,Phase 0,2026-07-31,
TPL-RFI,Template — Request for Information,template,_Templates,Fishbeck_AI_OS/_Templates/TPL_RFI.md,approved,1.0.0,Jimmy Fishbeck,template|project-management|operations,true,read-only,high,Phase 0,2026-07-31,
TPL-ROOT-CAUSE,Template — Root Cause Analysis,template,_Templates,Fishbeck_AI_OS/_Templates/TPL_Root_Cause.md,approved,1.0.0,Jimmy Fishbeck,template|root-cause|quality-control,true,read-only,high,Phase 0,2026-07-31,
TPL-SOP,Template — Standard Operating Procedure,template,_Templates,Fishbeck_AI_OS/_Templates/TPL_SOP.md,approved,1.0.0,Jimmy Fishbeck,template|sop|operations|standard,true,read-only,high,Phase 0,2026-07-31,
TPL-VENDOR-RECORD,Template — Vendor / Subcontractor Record,template,_Templates,Fishbeck_AI_OS/_Templates/TPL_Vendor_Record.md,approved,1.0.0,Jimmy Fishbeck,template|purchasing|procurement|database,true,read-only,high,Phase 0,2026-07-31,
