prefix,entity,home_domain,digits,next_number,last_issued,status,source,confidence,last_updated,notes
PRJ,Project,14_Projects,4,1,,active,SYS-0006,high,2026-07-31,Job folders; see naming standard for folder pattern
CLI,Client,20_CRM,4,1,,active,SYS-0006,high,2026-07-31,Converted leads
LED,Lead,20_CRM,4,1,,active,SYS-0006,high,2026-07-31,Pre-conversion pipeline
PRP,Property,23_Real_Estate,4,1,,active,SYS-0006,high,2026-07-31,Physical addresses tracked for investment
VEN,Vendor,17_Purchasing,4,1,,active,SYS-0006,high,2026-07-31,Suppliers and material vendors
SUB,Subcontractor,17_Purchasing,4,4,SUB-0003,active,SYS-0006,high,2026-08-06,SUB-0001 to SUB-0003 migrated in Phase 1.1; none compliance-cleared
EMP,Employee,19_HR,4,1,,active,SYS-0006,high,2026-07-31,W-2 and 1099 crew
EQP,Equipment,18_Equipment,4,1,,active,SYS-0006,high,2026-07-31,Tools and assets; QR-tracked
PTR,Referral partner,20_CRM,4,1,,active,SYS-0006,high,2026-07-31,Realtors and referral sources
EST,Estimate,13_Estimating,4,1,,active,SYS-0006,high,2026-07-31,Client-facing estimates
PRO,Proposal,06_Sales_Marketing,4,1,,active,SYS-0006,high,2026-07-31,Formal proposals
CON,Contract,24_Legal_Risk,4,1,,active,SYS-0006,high,2026-07-31,Executed agreements
CO,Change order,14_Projects,2,1,,active,SYS-0006,high,2026-07-31,Per-project sequence; restarts each project
INV,Invoice,21_Finance,4,1,,active,SYS-0006,high,2026-07-31,Accounts receivable
RCT,Receipt,21_Finance,5,1,,active,SYS-0006,high,2026-07-31,High volume; 5 digits
PO,Purchase order,17_Purchasing,4,1,,active,SYS-0006,high,2026-07-31,Material purchases
RFI,Request for information,14_Projects,2,1,,active,SYS-0006,high,2026-07-31,Per-project sequence
SBM,Submittal,14_Projects,2,1,,active,SYS-0006,high,2026-07-31,Per-project sequence
SYS,System standard,_System,4,15,SYS-0014,active,SYS-0006,high,2026-07-31,SYS-0000 through SYS-0014 issued in Phase 0
SOP,Standard operating procedure,12_Operations,4,1,,active,SYS-0006,high,2026-07-31,Phase 3 target
POL,Policy,19_HR,4,1,,active,SYS-0006,high,2026-07-31,Also used by 24_Legal_Risk
CHK,Checklist,16_Quality,4,1,,active,SYS-0006,high,2026-07-31,Also used by 12_Operations
CODE,Code reference,15_Construction_Knowledge,4,1,,active,SYS-0006,high,2026-07-31,Minnesota building code sections
DTL,Typical detail,15_Construction_Knowledge,4,1,,active,SYS-0006,high,2026-07-31,Standard construction details
SPEC,Manufacturer spec,15_Construction_Knowledge,4,1,,active,SYS-0006,high,2026-07-31,Product specifications
DEC,Decision record,_System,4,13,DEC-0012,active,SYS-0006,high,2026-08-06,DEC-0001 through DEC-0012 logged in Decision_Log.md
ASM,Assembly,13_Estimating,4,1,,active,SYS-0006,high,2026-07-31,Composite units of work; Phase 2.4
MAT,Material line,13_Estimating,4,7,MAT-0006,active,SYS-0006,high,2026-08-06,MAT-0001 to MAT-0006 migrated from legacy KB in Phase 1.1
LAB,Labor rate,13_Estimating,4,1,,active,SYS-0006,high,2026-07-31,Phase 2.2; blocked on open question Q1
PRD,Production rate,13_Estimating,4,6,PRD-0005,active,SYS-0006,high,2026-08-06,PRD-0001 to PRD-0005 migrated from legacy KB in Phase 1.1
UP,Unit price,13_Estimating,4,41,UP-0040,active,SYS-0006,high,2026-08-06,UP-0001 to UP-0040 migrated in Phase 1.1; legacy SW-## style IDs kept in legacy_id column
HC,Historical cost,13_Estimating,5,1,,active,SYS-0006,high,2026-07-31,The feedback loop target; Phase 2.6
DEF,Defect,16_Quality,4,1,,active,SYS-0006,high,2026-07-31,Defect library
LL,Lessons learned,16_Quality,4,2,LL-0001,active,SYS-0006,high,2026-08-06,LL-0001 is the legacy Post_Mortems log migrated in Phase 1.1
RCA,Root cause analysis,16_Quality,4,1,,active,SYS-0006,high,2026-07-31,Formal RCA records
PL,Punch list item,14_Projects,3,1,,active,SYS-0006,high,2026-07-31,Per-project sequence
KPI,Key performance indicator,11_Executive,3,1,,active,SYS-0006,high,2026-07-31,Defined in KPI_Registry.csv
OKR,Objective and key result,11_Executive,3,1,,active,SYS-0006,high,2026-07-31,Quarterly cycle
PMT,Prompt library entry,08_AI_Agents,4,1,,active,SYS-0006,high,2026-07-31,Phase 8.1
AGT,AI agent definition,08_AI_Agents,3,1,,active,SYS-0006,high,2026-07-31,Existing agent files to be renumbered in Phase 1
AUT,Automation,08_AI_Agents,3,10,AUT-009,active,SYS-0006,high,2026-07-31,AUT-001 to AUT-009 seeded in Automation_Backlog.csv
SCR,Script,08_AI_Agents,3,1,,active,SYS-0006,high,2026-07-31,Executable automation
IMG,Catalogued photo,14_Projects,5,1,,active,SYS-0006,high,2026-07-31,High volume; see media strategy in SYS-0007
CS,Case study,04_Case_Studies,3,1,,active,SYS-0006,high,2026-07-31,Three legacy case studies to be renumbered in Phase 1
EXEC,Domain index (README only),11_Executive,4,1,EXEC-0000,active,SYS-0006,high,2026-07-31,Reserved -0000 domain index per SYS-0006; not issued to entities
OPS,Domain index (README only),12_Operations,4,1,OPS-0000,active,SYS-0006,high,2026-07-31,Reserved -0000 domain index per SYS-0006; not issued to entities
CK,Domain index (README only),15_Construction_Knowledge,4,1,CK-0000,active,SYS-0006,high,2026-07-31,Reserved -0000 domain index per SYS-0006; not issued to entities
QLT,Domain index (README only),16_Quality,4,1,QLT-0000,active,SYS-0006,high,2026-07-31,Reserved -0000 domain index per SYS-0006; not issued to entities
PUR,Domain index (README only),17_Purchasing,4,1,PUR-0000,active,SYS-0006,high,2026-07-31,Reserved -0000 domain index per SYS-0006; not issued to entities
HR,Domain index (README only),19_HR,4,1,HR-0000,active,SYS-0006,high,2026-07-31,Reserved -0000 domain index per SYS-0006; not issued to entities
CRM,Domain index (README only),20_CRM,4,1,CRM-0000,active,SYS-0006,high,2026-07-31,Reserved -0000 domain index per SYS-0006; not issued to entities
FIN,Domain index (README only),21_Finance,4,1,FIN-0000,active,SYS-0006,high,2026-07-31,Reserved -0000 domain index per SYS-0006; not issued to entities
ANL,Domain index (README only),22_Analytics,4,1,ANL-0000,active,SYS-0006,high,2026-07-31,Reserved -0000 domain index per SYS-0006; not issued to entities
RE,Domain index (README only),23_Real_Estate,4,1,RE-0000,active,SYS-0006,high,2026-07-31,Reserved -0000 domain index per SYS-0006; not issued to entities
LEG,Domain index (README only),24_Legal_Risk,4,1,LEG-0000,active,SYS-0006,high,2026-07-31,Reserved -0000 domain index per SYS-0006; not issued to entities
