id,kpi,category,definition,formula,unit,target,frequency,data_source,owner,status,source,confidence,last_updated,notes
KPI-001,Estimate accuracy,Estimating,How close estimates land to actual cost,(actual_cost - estimated_cost) / estimated_cost,percent,within +/- 10%,per project,13_Estimating/Historical_Costs joined to EST,Jimmy Fishbeck,active,SYS-0010,high,2026-07-31,The single most important number in the company; requires Phase 5.1
KPI-002,Gross margin,Finance,Revenue minus direct job cost as a share of revenue,(revenue - direct_cost) / revenue,percent,[confirm],monthly,21_Finance,Jimmy Fishbeck,active,SYS-0010,unverified,2026-07-31,Target needs owner input; see open question Q3
KPI-003,Net profit margin,Finance,Profit after all overhead as a share of revenue,net_profit / revenue,percent,[confirm],monthly,21_Finance,Jimmy Fishbeck,active,SYS-0010,unverified,2026-07-31,Target needs owner input
KPI-004,Revenue,Finance,Total invoiced revenue,sum(INV.amount) where status is paid,usd,[confirm],monthly,21_Finance,Jimmy Fishbeck,active,SYS-0010,unverified,2026-07-31,Baseline needed before target is meaningful
KPI-005,Labor efficiency,Operations,Actual production versus the estimated production rate,actual_units_per_hour / PRD.rate,ratio,>= 1.0,per project,14_Projects daily reports,Jimmy Fishbeck,active,SYS-0010,high,2026-07-31,Recalibrates PRD rows when consistently off
KPI-006,Change order rate,Operations,Share of contract value added by change orders,sum(CO.amount) / original_contract,percent,< 10%,per project,14_Projects,Jimmy Fishbeck,active,SYS-0010,high,2026-07-31,High values indicate weak scoping not extra revenue
KPI-007,Callback rate,Quality,Projects requiring warranty return within 12 months,callback_projects / completed_projects,percent,< 5%,quarterly,16_Quality,Jimmy Fishbeck,active,SYS-0010,high,2026-07-31,Leading indicator of craftsmanship and margin erosion
KPI-008,Punch list items per project,Quality,Average open items at substantial completion,sum(PL items) / projects,count,< 10,per project,14_Projects,Jimmy Fishbeck,active,SYS-0010,medium,2026-07-31,Proxy for first-time quality
KPI-009,Lead conversion rate,Sales,Share of leads that become signed contracts,contracts / leads,percent,[confirm],monthly,20_CRM,Jimmy Fishbeck,active,SYS-0010,unverified,2026-07-31,Requires CRM pipeline from Phase 6.1
KPI-010,Estimate turnaround time,Sales,Hours from lead intake to estimate delivered,avg(estimate_sent - lead_received),hours,< 48,monthly,20_CRM joined to 13_Estimating,Jimmy Fishbeck,active,SYS-0010,high,2026-07-31,Speed is a major win factor in residential work
KPI-011,Schedule variance,Operations,Actual duration versus planned duration,(actual_days - planned_days) / planned_days,percent,within +/- 15%,per project,14_Projects,Jimmy Fishbeck,active,SYS-0010,high,2026-07-31,Drives client satisfaction and crew utilization
KPI-012,Vendor on-time delivery,Purchasing,Share of purchase orders delivered by promised date,on_time_pos / total_pos,percent,>= 90%,quarterly,17_Purchasing,Jimmy Fishbeck,active,SYS-0010,high,2026-07-31,Feeds vendor scoring and preferred status
KPI-013,Material cost variance,Estimating,Actual material spend versus estimated,(actual_material - estimated_material) / estimated_material,percent,within +/- 8%,per project,21_Finance joined to 13_Estimating,Jimmy Fishbeck,active,SYS-0010,high,2026-07-31,Isolates material inflation from labor misses
KPI-014,Days sales outstanding,Finance,Average days from invoice to payment,avg(payment_date - invoice_date),days,< 30,monthly,21_Finance,Jimmy Fishbeck,active,SYS-0010,high,2026-07-31,Cash flow health; critical for a small contractor
KPI-015,OS coverage,Governance,Share of OS documents with valid front matter and registry entries,valid_docs / total_docs,percent,100%,monthly,_Registry/Document_Registry.csv,Jimmy Fishbeck,active,SYS-0010,high,2026-07-31,Measures whether the OS itself is healthy; automated by AUT-001
